Price,Close,Volume
Ticker,ALTB,ALTB
Date,,
2021-03-22,10.0,0
2021-03-23,10.0,0
2021-03-24,10.0,0
2021-03-25,10.0,0
2021-03-26,10.0,0
2021-03-29,10.0,0
2021-03-30,10.0,0
2021-03-31,10.0,0
2021-04-01,10.0,0
2021-04-05,10.0,0
2021-04-06,10.0,0
2021-04-07,10.0,0
2021-04-08,10.0,0
2021-04-09,10.0,0
2021-04-12,10.0,0
2021-04-13,10.0,0
2021-04-14,10.0,0
2021-04-15,10.0,0
2021-04-16,10.0,0
2021-04-19,10.0,0
2021-04-20,10.0,0
2021-04-21,10.0,0
2021-04-22,10.0,0
2021-04-23,10.0,0
2021-04-26,10.0,0
2021-04-27,10.0,0
2021-04-28,10.0,0
2021-04-29,10.0,0
2021-04-30,10.0,0
2021-05-03,10.0,0
2021-05-04,5.0,100
2021-05-05,5.0,0
2021-05-06,5.0,0
2021-05-07,5.0,0
2021-05-10,5.0,0
2021-05-11,5.0,0
2021-05-12,5.0,0
2021-05-13,5.0,0
2021-05-14,5.0,0
2021-05-17,5.0,0
2021-05-18,5.0,0
2021-05-19,5.0,0
2021-05-20,5.0,0
2021-05-21,5.0,0
2021-05-24,5.0,0
2021-05-25,5.0,0
2021-05-26,1.5,300
2021-05-27,1.5,0
2021-05-28,1.5,0
2021-06-01,1.5,0
2021-06-02,1.5,0
2021-06-03,1.5,0
2021-06-04,1.5,0
2021-06-07,1.5,0
2021-06-08,1.5,0
2021-06-09,1.5,0
2021-06-10,1.5,0
2021-06-11,1.5,0
2021-06-14,1.5,0
2021-06-15,0.949999988079071,500
2021-06-16,0.949999988079071,0
2021-06-17,0.949999988079071,0
2021-06-18,0.949999988079071,0
2021-06-21,0.949999988079071,0
2021-06-22,1.2000000476837158,100
2021-06-23,1.2000000476837158,0
2021-06-24,1.2000000476837158,0
2021-06-25,1.2000000476837158,0
2021-06-28,1.2000000476837158,0
2021-06-29,1.2000000476837158,0
2021-06-30,1.2000000476837158,0
2021-07-01,1.2000000476837158,0
2021-07-02,1.2000000476837158,0
2021-07-06,1.2000000476837158,0
2021-07-07,1.2000000476837158,0
2021-07-08,1.2000000476837158,0
2021-07-09,1.2000000476837158,0
2021-07-12,1.2000000476837158,0
2021-07-13,1.2000000476837158,0
2021-07-14,1.2000000476837158,0
2021-07-15,1.2000000476837158,0
2021-07-16,1.2000000476837158,0
2021-07-19,1.2000000476837158,0
2021-07-20,1.2000000476837158,0
2021-07-21,1.2000000476837158,0
2021-07-22,1.2000000476837158,0
2021-07-23,1.2000000476837158,0
2021-07-26,1.2000000476837158,0
2021-07-27,1.2000000476837158,0
2021-07-28,1.2000000476837158,0
2021-07-29,1.2000000476837158,0
2021-07-30,1.2000000476837158,0
2021-08-02,1.2000000476837158,0
2021-08-03,1.2000000476837158,0
2021-08-04,1.2000000476837158,0
2021-08-05,1.2000000476837158,0
2021-08-06,1.2000000476837158,0
2021-08-09,1.2000000476837158,0
2021-08-10,0.5099999904632568,1000
2021-08-11,0.5099999904632568,0
2021-08-12,0.5099999904632568,0
2021-08-13,0.5099999904632568,0
2021-08-16,0.5099999904632568,0
2021-08-17,0.5099999904632568,0
2021-08-18,0.5099999904632568,0
2021-08-19,0.5099999904632568,0
2021-08-20,0.5099999904632568,0
2021-08-23,0.5099999904632568,0
2021-08-24,0.5099999904632568,0
2021-08-25,0.5099999904632568,0
2021-08-26,0.5099999904632568,0
2021-08-27,0.5099999904632568,0
2021-08-30,0.5099999904632568,0
2021-08-31,1.0,460
2021-09-01,1.0,0
2021-09-02,1.0,0
2021-09-03,1.0,0
2021-09-07,1.0,0
2021-09-08,1.0,0
2021-09-09,1.0,0
2021-09-10,1.0,0
2021-09-13,1.0,0
2021-09-14,1.0,0
2021-09-15,1.0,0
2021-09-16,1.0,0
2021-09-17,1.0,0
2021-09-20,1.0,0
2021-09-21,1.0,0
2021-09-22,1.0,0
2021-09-23,1.0,0
2021-09-24,1.0,0
2021-09-27,1.0,100
2021-09-28,1.0,100
2021-09-29,1.0,0
2021-09-30,1.0,0
2021-10-01,1.0,0
2021-10-04,1.0,0
2021-10-05,1.0,0
2021-10-06,1.0,0
2021-10-07,1.0,0
2021-10-08,1.0,0
2021-10-11,1.0,0
2021-10-12,1.0,0
2021-10-13,1.0,0
2021-10-14,1.0,0
2021-10-15,1.0,0
2021-10-18,1.0,0
2021-10-19,1.0,0
2021-10-20,1.0,0
2021-10-21,1.0,0
2021-10-22,1.0,0
2021-10-25,1.0,0
2021-10-26,1.0,0
2021-10-27,1.0,0
2021-10-28,1.0,0
2021-10-29,1.0,0
2021-11-01,1.0,0
2021-11-02,1.0,0
2021-11-03,1.0,0
2021-11-04,1.0,0
2021-11-05,1.0,0
2021-11-08,1.0,0
2021-11-09,1.0,0
2021-11-10,1.0,0
2021-11-11,1.0,0
2021-11-12,1.0,0
2021-11-15,1.0,0
2021-11-16,1.0,0
2021-11-17,1.0,0
2021-11-18,1.0,0
2021-11-19,1.0,0
2021-11-22,1.0,0
2021-11-23,1.0,0
2021-11-24,1.0,0
2021-11-26,1.0,0
2021-11-29,1.0,0
2021-11-30,1.0,0
2021-12-01,1.0,0
2021-12-02,1.0,0
2021-12-03,1.0,0
2021-12-06,1.0,0
2021-12-07,1.0,0
2021-12-08,1.0,0
2021-12-09,1.0,0
2021-12-10,1.2000000476837158,100
2021-12-13,1.2000000476837158,0
2021-12-14,1.2000000476837158,0
2021-12-15,1.2000000476837158,0
2021-12-16,1.2000000476837158,0
2021-12-17,1.2000000476837158,0
2021-12-20,1.2000000476837158,0
2021-12-21,1.2000000476837158,0
2021-12-22,1.2000000476837158,0
2021-12-23,1.2000000476837158,0
2021-12-27,1.2000000476837158,0
2021-12-28,1.2000000476837158,0
2021-12-29,1.2000000476837158,0
2021-12-30,1.2000000476837158,0
2021-12-31,1.2000000476837158,0
2022-01-03,1.2000000476837158,0
2022-01-04,1.2000000476837158,0
2022-01-05,1.2000000476837158,0
2022-01-06,1.2000000476837158,0
2022-01-07,1.2000000476837158,0
2022-01-10,1.2000000476837158,0
2022-01-11,1.2000000476837158,0
2022-01-12,1.2000000476837158,0
2022-01-13,1.2000000476837158,0
2022-01-14,1.2000000476837158,0
2022-01-18,1.2000000476837158,0
2022-01-19,1.2000000476837158,0
2022-01-20,1.2000000476837158,0
2022-01-21,1.2000000476837158,0
2022-01-24,1.2000000476837158,0
2022-01-25,1.2000000476837158,0
2022-01-26,1.2000000476837158,0
2022-01-27,1.2000000476837158,0
2022-01-28,1.2000000476837158,0
2022-01-31,1.2000000476837158,0
2022-02-01,1.2000000476837158,0
2022-02-02,1.2000000476837158,0
2022-02-03,1.2000000476837158,0
2022-02-04,1.2000000476837158,0
2022-02-07,1.2000000476837158,0
2022-02-08,1.2000000476837158,0
2022-02-09,1.2000000476837158,0
2022-02-10,1.3799999952316284,100
2022-02-11,3.0,897
2022-02-14,3.009999990463257,203
2022-02-15,1.2200000286102295,300
2022-02-16,1.2200000286102295,0
2022-02-17,1.2200000286102295,0
2022-02-18,1.2200000286102295,0
2022-02-22,1.2200000286102295,0
2022-02-23,1.2200000286102295,0
2022-02-24,1.2200000286102295,0
2022-02-25,1.2200000286102295,0
2022-02-28,1.2200000286102295,0
2022-03-01,1.2200000286102295,0
2022-03-02,1.2200000286102295,0
2022-03-03,1.2200000286102295,0
2022-03-04,1.2200000286102295,0
2022-03-07,1.2200000286102295,0
2022-03-08,1.2200000286102295,0
2022-03-09,1.2200000286102295,0
2022-03-10,1.2200000286102295,0
2022-03-11,1.2200000286102295,0
2022-03-14,1.2200000286102295,0
2022-03-15,1.2200000286102295,0
2022-03-16,1.2200000286102295,0
2022-03-17,1.2200000286102295,0
2022-03-18,1.2200000286102295,0
2022-03-21,1.2200000286102295,0
2022-03-22,1.2200000286102295,0
2022-03-23,1.2200000286102295,0
2022-03-24,1.2200000286102295,0
2022-03-25,1.2200000286102295,0
2022-03-28,1.2200000286102295,0
2022-03-29,1.2200000286102295,0
2022-03-30,1.2200000286102295,0
2022-03-31,1.2200000286102295,0
2022-04-01,1.2200000286102295,0
2022-04-04,1.2200000286102295,0
2022-04-05,3.490000009536743,400
2022-04-06,3.490000009536743,0
2022-04-07,3.509999990463257,400
2022-04-08,3.609999895095825,400
2022-04-11,3.630000114440918,300
2022-04-12,3.6600000858306885,100
2022-04-13,3.680000066757202,200
2022-04-14,3.690000057220459,410
2022-04-18,3.640000104904175,509
2022-04-19,3.5299999713897705,300
2022-04-20,3.559999942779541,718
2022-04-21,3.5299999713897705,623
2022-04-22,3.559999942779541,600
2022-04-25,3.569999933242798,699
2022-04-26,3.569999933242798,0
2022-04-27,3.5999999046325684,259
2022-04-28,3.5999999046325684,0
2022-04-29,3.5799999237060547,100
2022-05-02,3.5799999237060547,0
2022-05-03,3.5899999141693115,100
2022-05-04,3.630000114440918,608
2022-05-05,3.630000114440918,100
2022-05-06,3.630000114440918,0
2022-05-09,3.630000114440918,0
2022-05-10,3.630000114440918,0
2022-05-11,3.630000114440918,0
2022-05-12,3.630000114440918,0
2022-05-13,3.630000114440918,0
2022-05-16,3.630000114440918,0
2022-05-17,3.630000114440918,0
2022-05-18,3.630000114440918,0
2022-05-19,3.630000114440918,0
2022-05-20,3.640000104904175,100
2022-05-23,3.640000104904175,0
2022-05-24,3.640000104904175,0
2022-05-25,3.640000104904175,0
2022-05-26,3.6500000953674316,114
2022-05-27,3.6500000953674316,0
2022-05-31,3.6500000953674316,0
2022-06-01,2.1700000762939453,114
2022-06-02,2.1700000762939453,0
2022-06-03,3.609999895095825,100
2022-06-06,3.609999895095825,0
2022-06-07,3.609999895095825,0
2022-06-08,3.609999895095825,0
2022-06-09,3.609999895095825,0
2022-06-10,3.609999895095825,0
2022-06-13,3.609999895095825,0
2022-06-14,3.609999895095825,0
2022-06-15,3.609999895095825,0
2022-06-16,3.609999895095825,0
2022-06-17,3.609999895095825,0
2022-06-21,3.609999895095825,0
2022-06-22,3.609999895095825,0
2022-06-23,3.609999895095825,0
2022-06-24,3.609999895095825,0
2022-06-27,3.609999895095825,0
2022-06-28,3.609999895095825,0
2022-06-29,3.609999895095825,0
2022-06-30,3.609999895095825,0
2022-07-01,3.609999895095825,0
2022-07-05,3.609999895095825,0
2022-07-06,3.609999895095825,0
2022-07-07,3.609999895095825,0
2022-07-08,3.609999895095825,0
2022-07-11,3.609999895095825,0
2022-07-12,3.609999895095825,0
2022-07-13,3.609999895095825,0
2022-07-14,3.609999895095825,0
2022-07-15,3.609999895095825,0
2022-07-18,3.609999895095825,0
2022-07-19,3.609999895095825,0
2022-07-20,3.609999895095825,0
2022-07-21,3.609999895095825,0
2022-07-22,3.609999895095825,0
2022-07-25,3.609999895095825,0
2022-07-26,3.609999895095825,0
2022-07-27,3.609999895095825,0
2022-07-28,3.609999895095825,0
2022-07-29,3.609999895095825,0
2022-08-01,3.609999895095825,0
2022-08-02,3.609999895095825,0
2022-08-03,3.609999895095825,0
2022-08-04,3.609999895095825,0
2022-08-05,3.609999895095825,0
2022-08-08,3.609999895095825,0
2022-08-09,3.609999895095825,0
2022-08-10,3.609999895095825,0
2022-08-11,3.609999895095825,0
2022-08-12,3.609999895095825,0
2022-08-15,3.609999895095825,0
2022-08-16,3.609999895095825,0
2022-08-17,3.609999895095825,0
2022-08-18,3.609999895095825,0
2022-08-19,3.609999895095825,0
2022-08-22,3.609999895095825,0
2022-08-23,3.609999895095825,0
2022-08-24,3.609999895095825,0
2022-08-25,3.609999895095825,0
2022-08-26,3.609999895095825,0
2022-08-29,3.609999895095825,0
2022-08-30,3.609999895095825,0
2022-08-31,3.609999895095825,0
2022-09-01,3.609999895095825,0
2022-09-02,3.609999895095825,0
2022-09-06,3.609999895095825,0
2022-09-07,3.609999895095825,0
2022-09-08,3.609999895095825,0
2022-09-09,3.609999895095825,0
2022-09-12,3.609999895095825,0
2022-09-13,3.609999895095825,0
2022-09-14,3.609999895095825,0
2022-09-15,3.609999895095825,0
2022-09-16,3.609999895095825,0
2022-09-19,3.609999895095825,0
2022-09-20,3.609999895095825,0
2022-09-21,3.609999895095825,0
2022-09-22,3.609999895095825,0
2022-09-23,3.609999895095825,0
2022-09-26,3.609999895095825,0
2022-09-27,3.609999895095825,0
2022-09-28,3.609999895095825,0
2022-09-29,3.609999895095825,0
2022-09-30,3.609999895095825,0
2022-10-03,3.609999895095825,0
2022-10-04,3.609999895095825,0
2022-10-05,3.609999895095825,0
2022-10-06,3.609999895095825,0
2022-10-07,3.609999895095825,0
2022-10-10,3.609999895095825,0
2022-10-11,3.609999895095825,0
2022-10-12,3.609999895095825,0
2022-10-13,3.609999895095825,0
2022-10-14,3.609999895095825,0
2022-10-17,3.609999895095825,0
2022-10-18,3.609999895095825,0
2022-10-19,3.609999895095825,0
2022-10-20,3.609999895095825,0
2022-10-21,3.609999895095825,0
2022-10-24,3.609999895095825,0
2022-10-25,3.609999895095825,0
2022-10-26,3.609999895095825,0
2022-10-27,3.609999895095825,0
2022-10-28,3.609999895095825,0
2022-10-31,3.609999895095825,0
2022-11-01,3.609999895095825,0
2022-11-02,3.609999895095825,0
2022-11-03,3.609999895095825,0
2022-11-04,3.609999895095825,0
2022-11-07,3.609999895095825,0
2022-11-08,3.609999895095825,0
2022-11-09,3.609999895095825,0
2022-11-10,3.609999895095825,0
2022-11-11,3.609999895095825,0
2022-11-14,3.609999895095825,0
2022-11-15,3.609999895095825,0
2022-11-16,3.609999895095825,0
2022-11-17,3.609999895095825,0
2022-11-18,3.609999895095825,0
2022-11-21,3.609999895095825,0
2022-11-22,3.609999895095825,0
2022-11-23,3.609999895095825,0
2022-11-25,3.609999895095825,0
2022-11-28,3.609999895095825,0
2022-11-29,3.609999895095825,0
2022-11-30,3.609999895095825,0
2022-12-01,3.609999895095825,0
2022-12-02,3.609999895095825,0
2022-12-05,3.609999895095825,0
2022-12-06,3.609999895095825,0
2022-12-07,3.609999895095825,0
2022-12-08,3.609999895095825,0
2022-12-09,3.609999895095825,0
2022-12-12,3.609999895095825,0
2022-12-13,3.609999895095825,0
2022-12-14,3.609999895095825,0
2022-12-15,3.609999895095825,0
2022-12-16,3.609999895095825,0
2022-12-19,3.609999895095825,0
2022-12-20,3.609999895095825,0
2022-12-21,3.609999895095825,0
2022-12-22,3.609999895095825,0
2022-12-23,3.609999895095825,0
2022-12-27,3.609999895095825,0
2022-12-28,3.609999895095825,0
2022-12-29,3.609999895095825,0
2022-12-30,3.609999895095825,0
2023-01-03,3.609999895095825,0
2023-01-04,3.609999895095825,0
2023-01-05,3.609999895095825,0
2023-01-06,3.609999895095825,0
2023-01-09,3.609999895095825,0
2023-01-10,3.609999895095825,0
2023-01-11,3.609999895095825,0
2023-01-12,3.609999895095825,0
2023-01-13,3.609999895095825,0
2023-01-17,3.609999895095825,0
2023-01-18,3.609999895095825,0
2023-01-19,3.609999895095825,0
2023-01-20,3.609999895095825,0
2023-01-23,3.609999895095825,0
2023-01-24,3.609999895095825,0
2023-01-25,3.609999895095825,0
2023-01-26,3.609999895095825,0
2023-01-27,3.609999895095825,0
2023-01-30,3.609999895095825,0
2023-01-31,3.609999895095825,0
2023-02-01,3.609999895095825,0
2023-02-02,3.609999895095825,0
2023-02-03,3.609999895095825,0
2023-02-06,3.609999895095825,0
2023-02-07,3.609999895095825,0
2023-02-08,3.609999895095825,0
2023-02-09,3.609999895095825,0
2023-02-10,3.609999895095825,0
2023-02-13,3.609999895095825,0
2023-02-14,3.609999895095825,0
2023-02-15,3.609999895095825,0
2023-02-16,3.609999895095825,0
2023-02-17,3.609999895095825,0
2023-02-21,3.609999895095825,0
2023-02-22,3.609999895095825,0
2023-02-23,3.609999895095825,0
2023-02-24,3.609999895095825,0
2023-02-27,3.609999895095825,0
2023-02-28,3.609999895095825,0
2023-03-01,3.609999895095825,0
2023-03-02,3.609999895095825,0
2023-03-03,3.9000000953674316,100
2023-03-06,3.9000000953674316,0
2023-03-07,3.9000000953674316,0
2023-03-08,3.9000000953674316,0
2023-03-09,3.9000000953674316,0
2023-03-10,3.9000000953674316,0
2023-03-13,3.9000000953674316,0
2023-03-14,3.9000000953674316,0
2023-03-15,3.9000000953674316,0
2023-03-16,3.9000000953674316,0
2023-03-17,3.9000000953674316,0
2023-03-20,3.9000000953674316,0
2023-03-21,3.9000000953674316,0
2023-03-22,3.9000000953674316,0
2023-03-23,3.9000000953674316,0
2023-03-24,3.9000000953674316,0
2023-03-27,3.9000000953674316,0
2023-03-28,3.9000000953674316,0
2023-03-29,3.9000000953674316,0
2023-03-30,3.9000000953674316,0
2023-03-31,3.9000000953674316,0
2023-04-03,3.9000000953674316,0
2023-04-04,3.9000000953674316,0
2023-04-05,3.9000000953674316,100
2023-04-06,3.9000000953674316,0
2023-04-10,3.9000000953674316,0
2023-04-11,3.9000000953674316,0
2023-04-12,3.9000000953674316,0
2023-04-13,3.9000000953674316,0
2023-04-14,3.9000000953674316,0
2023-04-17,3.9000000953674316,0
2023-04-18,3.9000000953674316,0
2023-04-19,3.9000000953674316,0
2023-04-20,3.9000000953674316,0
2023-04-21,3.9000000953674316,0
2023-04-24,3.9000000953674316,0
2023-04-25,3.9000000953674316,0
2023-04-26,3.9000000953674316,0
2023-04-27,3.9000000953674316,0
2023-04-28,3.9000000953674316,0
2023-05-01,3.9000000953674316,0
2023-05-02,3.9000000953674316,0
2023-05-03,3.9000000953674316,0
2023-05-04,3.9000000953674316,0
2023-05-05,3.9000000953674316,0
2023-05-08,3.9000000953674316,0
2023-05-09,3.9000000953674316,0
2023-05-10,3.9000000953674316,0
2023-05-11,3.9000000953674316,0
2023-05-12,3.9000000953674316,0
2023-05-15,3.9000000953674316,0
2023-05-16,3.9000000953674316,0
2023-05-17,3.9000000953674316,0
2023-05-18,3.9000000953674316,0
2023-05-19,3.9000000953674316,0
2023-05-22,3.9000000953674316,0
2023-05-23,3.9000000953674316,0
2023-05-24,3.9000000953674316,0
2023-05-25,3.9000000953674316,0
2023-05-26,3.9000000953674316,0
2023-05-30,3.9000000953674316,0
2023-05-31,3.9000000953674316,0
2023-06-01,3.9000000953674316,0
2023-06-02,3.9000000953674316,0
2023-06-05,3.9000000953674316,0
2023-06-06,3.9000000953674316,0
2023-06-07,3.9000000953674316,0
2023-06-08,3.9000000953674316,0
2023-06-09,3.9000000953674316,0
2023-06-12,3.9000000953674316,0
2023-06-13,3.9000000953674316,0
2023-06-14,3.9000000953674316,0
2023-06-15,3.9000000953674316,0
2023-06-16,3.9000000953674316,0
2023-06-20,3.9000000953674316,0
2023-06-21,3.9000000953674316,0
2023-06-22,3.9000000953674316,0
2023-06-23,3.9000000953674316,0
2023-06-26,3.9000000953674316,0
2023-06-27,3.9000000953674316,0
2023-06-28,3.9000000953674316,0
2023-06-29,3.9000000953674316,0
2023-06-30,3.9000000953674316,0
2023-07-03,3.9000000953674316,0
2023-07-05,3.9000000953674316,0
2023-07-06,3.9000000953674316,0
2023-07-07,3.9000000953674316,0
2023-07-10,3.9000000953674316,0
2023-07-11,3.9000000953674316,0
2023-07-12,3.9000000953674316,0
2023-07-13,3.9000000953674316,0
2023-07-14,3.9000000953674316,0
2023-07-17,3.9000000953674316,0
2023-07-18,3.9000000953674316,0
2023-07-19,3.9000000953674316,0
2023-07-20,3.9000000953674316,0
2023-07-21,3.9000000953674316,0
2023-07-24,3.9000000953674316,0
2023-07-25,3.9000000953674316,0
2023-07-26,3.9000000953674316,0
2023-07-27,3.9000000953674316,0
2023-07-28,3.9000000953674316,0
2023-07-31,3.9000000953674316,0
2023-08-01,3.9000000953674316,0
2023-08-02,3.9000000953674316,0
2023-08-03,3.9000000953674316,0
2023-08-04,3.9000000953674316,0
2023-08-07,3.9000000953674316,0
2023-08-08,3.9000000953674316,0
2023-08-09,3.9000000953674316,0
2023-08-10,3.9000000953674316,0
2023-08-11,3.9000000953674316,0
2023-08-14,3.9000000953674316,0
2023-08-15,3.9000000953674316,0
2023-08-16,3.9000000953674316,0
2023-08-17,3.9000000953674316,0
2023-08-18,3.9000000953674316,0
2023-08-21,3.9000000953674316,0
2023-08-22,3.9000000953674316,0
2023-08-23,3.9000000953674316,0
2023-08-24,3.9000000953674316,0
2023-08-25,3.9000000953674316,0
2023-08-28,3.9000000953674316,0
2023-08-29,3.9000000953674316,0
2023-08-30,3.9000000953674316,0
2023-08-31,3.9000000953674316,0
2023-09-01,3.9000000953674316,0
2023-09-05,3.9000000953674316,0
2023-09-06,3.9000000953674316,0
2023-09-07,3.9000000953674316,0
2023-09-08,3.9000000953674316,0
2023-09-11,3.9000000953674316,0
2023-09-12,3.9000000953674316,0
2023-09-13,3.9000000953674316,0
2023-09-14,3.9000000953674316,0
2023-09-15,3.9000000953674316,0
2023-09-18,3.9000000953674316,0
2023-09-19,3.9000000953674316,0
2023-09-20,3.9000000953674316,0
2023-09-21,3.9000000953674316,0
2023-09-22,3.9000000953674316,0
2023-09-25,3.9000000953674316,0
2023-09-26,3.9000000953674316,0
2023-09-27,3.9000000953674316,0
2023-09-28,3.9000000953674316,0
2023-09-29,3.9000000953674316,0
2023-10-02,3.9000000953674316,0
2023-10-03,3.9000000953674316,0
2023-10-04,3.9000000953674316,0
2023-10-05,3.9000000953674316,0
2023-10-06,3.9000000953674316,0
2023-10-09,3.9000000953674316,0
2023-10-10,3.9000000953674316,0
2023-10-11,3.9000000953674316,0
2023-10-12,3.9000000953674316,0
2023-10-13,3.9000000953674316,0
2023-10-16,3.9000000953674316,0
2023-10-17,3.9000000953674316,0
2023-10-18,3.9000000953674316,0
2023-10-19,3.9000000953674316,0
2023-10-20,3.9000000953674316,0
2023-10-23,3.9000000953674316,0
2023-10-24,3.9000000953674316,0
2023-10-25,3.9000000953674316,0
2023-10-26,3.9000000953674316,0
2023-10-27,3.9000000953674316,0
2023-10-30,3.9000000953674316,0
2023-10-31,3.9000000953674316,0
2023-11-01,3.9000000953674316,0
2023-11-02,3.9000000953674316,0
2023-11-03,3.9000000953674316,0
2023-11-06,3.9000000953674316,0
2023-11-07,3.9000000953674316,0
2023-11-08,3.9000000953674316,0
2023-11-09,3.9000000953674316,0
2023-11-10,3.9000000953674316,0
2023-11-13,3.9000000953674316,0
2023-11-14,3.9000000953674316,0
2023-11-15,3.9000000953674316,0
2023-11-16,3.9000000953674316,0
2023-11-17,3.9000000953674316,0
2023-11-20,3.9000000953674316,0
2023-11-21,3.9000000953674316,0
2023-11-22,3.9000000953674316,0
2023-11-24,3.9000000953674316,0
2023-11-27,3.9000000953674316,0
2023-11-28,3.9000000953674316,0
2023-11-29,3.9000000953674316,0
2023-11-30,3.9000000953674316,0
2023-12-01,3.9000000953674316,0
2023-12-04,3.9000000953674316,0
2023-12-05,3.9000000953674316,0
2023-12-06,3.9000000953674316,0
2023-12-07,3.9000000953674316,0
2023-12-08,3.9000000953674316,0
2023-12-11,3.9000000953674316,0
2023-12-12,3.9000000953674316,0
2023-12-13,3.9000000953674316,0
2023-12-14,3.9000000953674316,0
2023-12-15,3.9000000953674316,0
2023-12-18,3.9000000953674316,0
2023-12-19,3.9000000953674316,0
2023-12-20,3.9000000953674316,0
2023-12-21,3.9000000953674316,0
2023-12-22,3.9000000953674316,0
2023-12-26,3.9000000953674316,0
2023-12-27,3.9000000953674316,0
2023-12-28,3.9000000953674316,0
2023-12-29,3.9000000953674316,0
2024-01-02,3.9000000953674316,0
2024-01-03,3.9000000953674316,0
2024-01-04,3.9000000953674316,0
2024-01-05,3.9000000953674316,0
2024-01-08,3.9000000953674316,0
2024-01-09,3.9000000953674316,0
2024-01-10,3.9000000953674316,0
2024-01-11,3.9000000953674316,0
2024-01-12,3.9000000953674316,0
2024-01-16,3.9000000953674316,0
2024-01-17,3.9000000953674316,0
2024-01-18,3.9000000953674316,0
2024-01-19,3.9000000953674316,0
2024-01-22,3.9000000953674316,0
2024-01-23,3.9000000953674316,0
2024-01-24,3.9000000953674316,0
2024-01-25,3.9000000953674316,0
2024-01-26,3.9000000953674316,0
2024-01-29,3.9000000953674316,0
2024-01-30,3.9000000953674316,0
2024-01-31,3.9000000953674316,0
2024-02-01,3.9000000953674316,0
2024-02-02,3.9000000953674316,0
2024-02-05,3.9000000953674316,0
2024-02-06,3.9000000953674316,0
2024-02-07,3.9000000953674316,0
2024-02-08,3.9000000953674316,0
2024-02-09,3.9000000953674316,0
2024-02-12,3.9000000953674316,0
2024-02-13,3.9000000953674316,0
2024-02-14,3.9000000953674316,0
2024-02-15,3.9000000953674316,0
2024-02-16,3.9000000953674316,0
2024-02-20,3.9000000953674316,0
2024-02-21,3.9000000953674316,0
2024-02-22,3.9000000953674316,0
2024-02-23,3.9000000953674316,0
2024-02-26,3.9000000953674316,0
2024-02-27,3.9000000953674316,0
2024-02-28,3.9000000953674316,0
2024-02-29,3.9000000953674316,0
2024-03-01,3.9000000953674316,0
2024-03-04,3.9000000953674316,0
2024-03-05,3.9000000953674316,0
2024-03-06,3.9000000953674316,0
2024-03-07,3.9000000953674316,0
2024-03-08,3.9000000953674316,0
2024-03-11,3.9000000953674316,0
2024-03-12,3.9000000953674316,0
2024-03-13,3.9000000953674316,0
2024-03-14,3.9000000953674316,0
2024-03-15,3.9000000953674316,0
2024-03-18,3.9000000953674316,0
2024-03-19,3.9000000953674316,0
2024-03-20,3.9000000953674316,0
2024-03-21,3.9000000953674316,0
2024-03-22,3.9000000953674316,0
2024-03-25,4.099999904632568,300
2024-03-26,4.25,300
2024-03-27,4.300000190734863,200
2024-03-28,4.300000190734863,0
2024-04-01,4.599999904632568,200
2024-04-02,4.599999904632568,0
2024-04-03,4.599999904632568,0
2024-04-04,4.599999904632568,0
2024-04-05,4.599999904632568,0
2024-04-08,4.599999904632568,0
2024-04-09,4.599999904632568,0
2024-04-10,4.599999904632568,0
2024-04-11,4.599999904632568,0
2024-04-12,4.599999904632568,0
2024-04-15,4.599999904632568,0
2024-04-16,4.599999904632568,0
2024-04-17,4.699999809265137,600
2024-04-18,4.699999809265137,0
2024-04-19,4.699999809265137,0
2024-04-22,4.699999809265137,0
2024-04-23,5.0,100
2024-04-24,5.0,0
2024-04-25,5.0,0
2024-04-26,5.0,0
2024-04-29,5.0,0
2024-04-30,5.0,0
2024-05-01,5.0,0
2024-05-02,5.0,0
2024-05-03,5.0,0
2024-05-06,5.0,0
2024-05-07,5.0,0
2024-05-08,5.0,0
2024-05-09,5.0,0
2024-05-10,5.0,0
2024-05-13,5.0,0
2024-05-14,5.0,0
2024-05-15,5.0,0
2024-05-16,5.0,0
2024-05-17,5.0,0
2024-05-20,5.0,0
2024-05-21,5.0,0
2024-05-22,5.0,0
2024-05-23,5.0,0
2024-05-24,5.0,0
2024-05-28,5.0,0
2024-05-29,5.0,0
2024-05-30,5.0,0
2024-05-31,5.0,0
2024-06-03,5.0,0
2024-06-04,5.0,0
2024-06-05,5.0,0
2024-06-06,5.0,0
2024-06-07,5.0,0
2024-06-10,5.0,0
2024-06-11,5.0,0
2024-06-12,5.0,0
2024-06-13,5.0,0
2024-06-14,5.0,0
2024-06-17,5.0,0
2024-06-18,5.0,0
2024-06-20,5.0,0
2024-06-21,5.0,0
2024-06-24,5.0,0
2024-06-25,5.0,0
2024-06-26,5.0,0
2024-06-27,5.0,0
2024-06-28,5.0,0
2024-07-01,5.0,0
2024-07-02,5.0,0
2024-07-03,5.0,0
2024-07-05,5.0,0
2024-07-08,5.0,0
2024-07-09,5.0,0
2024-07-10,5.0,0
2024-07-11,5.0,0
2024-07-12,5.0,0
2024-07-15,5.0,0
2024-07-16,5.0,0
2024-07-17,5.0,0
2024-07-18,5.0,0
2024-07-19,5.0,0
2024-07-22,5.0,0
2024-07-23,5.0,0
2024-07-24,5.0,0
2024-07-25,5.0,0
2024-07-26,5.0,0
2024-07-29,5.0,0
2024-07-30,5.0,0
2024-07-31,5.0,0
2024-08-01,5.0,0
2024-08-02,5.0,0
2024-08-05,5.0,0
2024-08-06,5.0,0
2024-08-07,5.0,0
2024-08-08,5.0,0
2024-08-09,5.0,0
2024-08-12,5.0,0
2024-08-13,5.0,0
2024-08-14,5.0,0
2024-08-15,5.0,0
2024-08-16,5.0,0
2024-08-19,5.0,0
2024-08-20,5.0,0
2024-08-21,5.0,0
2024-08-22,5.0,0
2024-08-23,5.0,0
2024-08-26,5.0,0
2024-08-27,5.0,0
2024-08-28,5.0,0
2024-08-29,5.0,0
2024-08-30,5.0,0
2024-09-03,5.0,0
2024-09-04,5.0,0
2024-09-05,5.0,0
2024-09-06,5.0,0
2024-09-09,5.0,0
2024-09-10,5.0,0
2024-09-11,5.0,0
2024-09-12,5.0,0
2024-09-13,2.0199999809265137,500
2024-09-16,2.0199999809265137,0
2024-09-17,2.0199999809265137,0
2024-09-18,2.0199999809265137,0
2024-09-19,2.0199999809265137,0
2024-09-20,2.0199999809265137,0
2024-09-23,2.0199999809265137,0
2024-09-24,2.0199999809265137,0
2024-09-25,2.0199999809265137,0
2024-09-26,2.0199999809265137,0
2024-09-27,2.0199999809265137,0
2024-09-30,2.0199999809265137,0
2024-10-01,2.0199999809265137,0
2024-10-02,2.0199999809265137,0
2024-10-03,2.0199999809265137,0
2024-10-04,2.0199999809265137,0
2024-10-07,2.0199999809265137,0
2024-10-08,2.0199999809265137,0
2024-10-09,2.0199999809265137,0
2024-10-10,2.0199999809265137,0
2024-10-11,2.0199999809265137,0
2024-10-14,2.0199999809265137,0
2024-10-15,2.0199999809265137,0
2024-10-16,2.0199999809265137,0
2024-10-17,2.0199999809265137,0
2024-10-18,2.0199999809265137,0
2024-10-21,2.0199999809265137,0
2024-10-22,2.0199999809265137,0
2024-10-23,2.0199999809265137,0
2024-10-24,2.0199999809265137,0
2024-10-25,2.0199999809265137,0
2024-10-28,2.0199999809265137,0
2024-10-29,2.0199999809265137,0
2024-10-30,2.0199999809265137,0
2024-10-31,2.0199999809265137,0
2024-11-01,2.0199999809265137,0
2024-11-04,2.0199999809265137,0
2024-11-05,2.0199999809265137,0
2024-11-06,2.0199999809265137,0
2024-11-07,2.0199999809265137,0
2024-11-08,2.0199999809265137,0
2024-11-11,2.0199999809265137,0
2024-11-12,2.0199999809265137,0
2024-11-13,2.0199999809265137,0
2024-11-14,2.0199999809265137,0
2024-11-15,2.0199999809265137,0
2024-11-18,2.0199999809265137,0
2024-11-19,2.0199999809265137,0
2024-11-20,2.0199999809265137,0
2024-11-21,2.0199999809265137,0
2024-11-22,2.0199999809265137,0
2024-11-25,2.0199999809265137,0
2024-11-26,2.0199999809265137,0
2024-11-27,2.0199999809265137,0
2024-11-29,2.0199999809265137,0
2024-12-02,2.0199999809265137,0
2024-12-03,2.0199999809265137,0
2024-12-04,2.0199999809265137,0
2024-12-05,2.0199999809265137,0
2024-12-06,2.0199999809265137,0
2024-12-09,2.0199999809265137,399
2024-12-10,2.0199999809265137,0
2024-12-11,2.0199999809265137,0
2024-12-12,2.0199999809265137,0
2024-12-13,2.0199999809265137,0
2024-12-16,2.0199999809265137,0
2024-12-17,2.0199999809265137,0
2024-12-18,2.0199999809265137,0
2024-12-19,2.0199999809265137,0
2024-12-20,2.0199999809265137,0
2024-12-23,2.0199999809265137,0
2024-12-24,2.0199999809265137,0
2024-12-26,2.0199999809265137,0
2024-12-27,2.0199999809265137,0
2024-12-30,2.0199999809265137,0
2024-12-31,2.0199999809265137,0
2025-01-02,2.0199999809265137,0
2025-01-03,2.0199999809265137,0
2025-01-06,2.0199999809265137,0
2025-01-07,2.0199999809265137,0
2025-01-08,2.0199999809265137,0
2025-01-10,2.0199999809265137,0
2025-01-13,2.0199999809265137,0
2025-01-14,2.0199999809265137,0
2025-01-15,2.0199999809265137,0
2025-01-16,2.0199999809265137,0
2025-01-17,2.0199999809265137,0
2025-01-21,2.0199999809265137,0
2025-01-22,2.0199999809265137,0
2025-01-23,2.0199999809265137,0
2025-01-24,2.0199999809265137,0
2025-01-27,2.0199999809265137,0
2025-01-28,2.0199999809265137,0
2025-01-29,2.0199999809265137,0
2025-01-30,2.0199999809265137,0
2025-01-31,2.0199999809265137,0
2025-02-03,2.0199999809265137,0
2025-02-04,2.0199999809265137,0
2025-02-05,2.0199999809265137,0
2025-02-06,2.0199999809265137,0
2025-02-07,2.0199999809265137,0
2025-02-10,2.0199999809265137,0
2025-02-11,2.0199999809265137,0
2025-02-12,2.0199999809265137,0
2025-02-13,2.0199999809265137,0
2025-02-14,2.0199999809265137,0
2025-02-18,2.0199999809265137,0
2025-02-19,2.0199999809265137,0
2025-02-20,2.0199999809265137,0
2025-02-21,2.0199999809265137,0
2025-02-24,2.0199999809265137,0
2025-02-25,2.0199999809265137,0
2025-02-26,2.0199999809265137,0
2025-02-27,2.0199999809265137,0
2025-02-28,2.0199999809265137,0
2025-03-03,2.0199999809265137,0
2025-03-04,2.0199999809265137,100
2025-03-05,2.0199999809265137,0
2025-03-06,2.0199999809265137,0
2025-03-07,2.0199999809265137,0
2025-03-10,2.0199999809265137,0
2025-03-11,2.0199999809265137,0
2025-03-12,2.0199999809265137,0
2025-03-13,2.0199999809265137,0
2025-03-14,2.0199999809265137,0
2025-03-17,2.0199999809265137,0
2025-03-18,2.0199999809265137,0
2025-03-19,2.0199999809265137,0
2025-03-20,2.0199999809265137,0
2025-03-21,2.0199999809265137,0
2025-03-24,2.0199999809265137,0
2025-03-25,2.0199999809265137,0
2025-03-26,2.0199999809265137,0
2025-03-27,2.0199999809265137,0
2025-03-28,2.0199999809265137,0
2025-03-31,2.0199999809265137,0
2025-04-01,2.0199999809265137,0
2025-04-02,2.0199999809265137,0
2025-04-03,2.0199999809265137,0
2025-04-04,2.0199999809265137,0
2025-04-07,2.0199999809265137,0
2025-04-08,2.0199999809265137,0
2025-04-09,2.0199999809265137,0
2025-04-10,2.0199999809265137,0
2025-04-11,2.0199999809265137,0
2025-04-14,2.0199999809265137,0
2025-04-15,2.0199999809265137,0
2025-04-16,2.0199999809265137,0
2025-04-17,2.0199999809265137,0
2025-04-21,2.0199999809265137,0
2025-04-22,2.0199999809265137,0
2025-04-23,2.0199999809265137,0
2025-04-24,2.0199999809265137,0
2025-04-25,2.0199999809265137,0
2025-04-28,2.0199999809265137,0
2025-04-29,2.0199999809265137,0
2025-04-30,2.0199999809265137,0
2025-05-01,2.0199999809265137,0
2025-05-02,2.0199999809265137,0
2025-05-05,2.0199999809265137,0
2025-05-06,2.0199999809265137,0
2025-05-07,2.0199999809265137,0
2025-05-08,2.0199999809265137,0
2025-05-09,2.0199999809265137,0
2025-05-12,2.0199999809265137,0
2025-05-13,2.0199999809265137,0
2025-05-14,2.0199999809265137,0
2025-05-15,2.0199999809265137,0
2025-05-16,2.0199999809265137,0
2025-05-19,2.0199999809265137,0
2025-05-20,2.0199999809265137,0
2025-05-21,2.0199999809265137,0
2025-05-22,2.0199999809265137,0
2025-05-23,2.0199999809265137,0
2025-05-27,2.0199999809265137,0
2025-05-28,2.0199999809265137,0
2025-05-29,2.0199999809265137,0
2025-05-30,2.0199999809265137,0
2025-06-02,2.0199999809265137,0
2025-06-03,2.0199999809265137,0
2025-06-04,2.0199999809265137,0
2025-06-05,2.0199999809265137,0
2025-06-06,2.0199999809265137,0
2025-06-09,2.0199999809265137,0
2025-06-10,2.0199999809265137,0
2025-06-11,2.0199999809265137,0
2025-06-12,2.0199999809265137,0
2025-06-13,2.0199999809265137,0
2025-06-16,2.0199999809265137,0
2025-06-17,2.0199999809265137,0
2025-06-18,2.0199999809265137,0
2025-06-20,2.0199999809265137,0
2025-06-23,2.0199999809265137,0
2025-06-24,5.0,100
2025-06-25,5.710000038146973,100
2025-06-26,5.949999809265137,100
2025-06-27,5.949999809265137,0
2025-06-30,5.960000038146973,100
2025-07-01,5.960000038146973,0
2025-07-02,5.960000038146973,0
2025-07-03,5.960000038146973,0
2025-07-07,5.960000038146973,0
2025-07-08,5.960000038146973,0
2025-07-09,5.960000038146973,0
2025-07-10,5.960000038146973,0
2025-07-11,5.960000038146973,0
2025-07-14,5.960000038146973,0
2025-07-15,5.960000038146973,0
2025-07-16,5.960000038146973,0
2025-07-17,5.960000038146973,0
2025-07-18,5.960000038146973,0
2025-07-21,5.960000038146973,0
2025-07-22,5.960000038146973,0
2025-07-23,5.960000038146973,0
2025-07-24,5.960000038146973,0
2025-07-25,5.960000038146973,0
2025-07-28,5.960000038146973,0
2025-07-29,5.960000038146973,0
2025-07-30,5.960000038146973,0
2025-07-31,5.960000038146973,0
2025-08-01,5.960000038146973,0
2025-08-04,5.960000038146973,0
2025-08-05,5.960000038146973,0
2025-08-06,5.960000038146973,0
2025-08-07,5.960000038146973,0
2025-08-08,5.960000038146973,0
2025-08-11,5.960000038146973,0
2025-08-12,5.960000038146973,0
2025-08-13,5.960000038146973,0
2025-08-14,5.960000038146973,0
2025-08-15,5.960000038146973,0
2025-08-18,5.960000038146973,0
2025-08-19,5.960000038146973,0
2025-08-20,5.960000038146973,0
2025-08-21,5.960000038146973,0
2025-08-22,5.960000038146973,0
2025-08-25,5.960000038146973,0
2025-08-26,5.960000038146973,0
2025-08-27,5.960000038146973,0
2025-08-28,5.960000038146973,0
2025-08-29,5.960000038146973,0
2025-09-02,5.960000038146973,0
2025-09-03,5.960000038146973,0
2025-09-04,5.960000038146973,0
2025-09-05,5.960000038146973,0
2025-09-08,5.960000038146973,0
2025-09-09,5.960000038146973,0
2025-09-10,5.960000038146973,0
2025-09-11,5.960000038146973,0
2025-09-12,5.960000038146973,0
2025-09-15,5.960000038146973,0
2025-09-16,5.960000038146973,0
2025-09-17,5.960000038146973,0
2025-09-18,5.960000038146973,0
2025-09-19,5.960000038146973,0
2025-09-22,5.960000038146973,0
2025-09-23,3.0,105
2025-09-24,3.0,0
2025-09-25,3.0,0
2025-09-26,3.0,0
2025-09-29,3.0,0
2025-09-30,3.0,0
2025-10-01,3.0,0
2025-10-02,3.0,0
2025-10-03,3.0,0
2025-10-06,3.0,0
2025-10-07,3.0,0
2025-10-08,3.0,0
2025-10-09,3.0,0
2025-10-10,3.0,0
2025-10-13,3.0,0
2025-10-14,3.0,0
2025-10-15,3.0,0
2025-10-16,3.0,0
2025-10-17,3.0,0
2025-10-20,3.0,0
2025-10-21,3.0,0
2025-10-22,3.0,0
2025-10-23,3.0,0
2025-10-24,3.0,0
2025-10-27,3.0,0
2025-10-28,3.0,0
2025-10-29,3.0,0
2025-10-30,3.0,0
2025-10-31,3.609999895095825,100
2025-11-03,3.609999895095825,0
2025-11-04,3.609999895095825,0
2025-11-05,3.609999895095825,0
2025-11-06,3.609999895095825,0
2025-11-07,3.609999895095825,0
2025-11-10,3.609999895095825,0
2025-11-11,3.609999895095825,0
2025-11-12,3.609999895095825,0
2025-11-13,3.609999895095825,0
2025-11-14,3.609999895095825,0
2025-11-17,3.609999895095825,0
2025-11-18,3.609999895095825,0
2025-11-19,5.0,100
2025-11-20,8.0,100
2025-11-21,8.0,0
2025-11-24,8.0,0
2025-11-25,8.0,0
2025-11-26,8.0,0
2025-11-28,8.0,0
2025-12-01,8.0,0
2025-12-02,8.0,0
2025-12-03,8.0,0
2025-12-04,8.0,0
2025-12-05,8.0,0
2025-12-08,8.0,0
2025-12-09,8.0,0
2025-12-10,8.0,0
2025-12-11,8.0,0
2025-12-12,8.0,0
2025-12-15,8.0,0
2025-12-16,8.0,0
2025-12-17,8.0,0
2025-12-18,8.0,0
2025-12-19,8.0,0
2025-12-22,8.0,0
2025-12-23,8.0,0
2025-12-24,8.0,0
2025-12-26,8.0,0
2025-12-29,8.0,0
2025-12-30,8.0,0
2025-12-31,8.0,0
2026-01-02,8.0,0
2026-01-05,8.0,0
2026-01-06,8.0,0
2026-01-07,5.5,100
2026-01-08,5.5,0
2026-01-09,5.5,0
2026-01-12,5.5,0
2026-01-13,5.5,0
2026-01-14,5.5,0
2026-01-15,5.5,0
2026-01-16,5.5,0
2026-01-20,5.414999961853027,100
2026-01-21,5.414999961853027,0
2026-01-22,5.414999961853027,0
2026-01-23,5.414999961853027,0
2026-01-26,5.414999961853027,0
2026-01-27,5.414999961853027,0
2026-01-28,5.414999961853027,0
2026-01-29,5.414999961853027,0
2026-01-30,5.414999961853027,0
2026-02-02,5.414999961853027,0
2026-02-03,5.414999961853027,0
2026-02-04,5.414999961853027,0
2026-02-05,5.414999961853027,0
2026-02-06,5.414999961853027,0
2026-02-09,5.414999961853027,0
2026-02-10,5.414999961853027,0
2026-02-11,5.414999961853027,0
2026-02-12,5.414999961853027,0
2026-02-13,5.414999961853027,0
2026-02-17,5.414999961853027,0
2026-02-18,5.400000095367432,100
2026-02-19,5.400000095367432,0
2026-02-20,5.400000095367432,0
2026-02-23,5.400000095367432,0
2026-02-24,5.400000095367432,0
2026-02-25,5.400000095367432,0
2026-02-26,5.400000095367432,0
2026-02-27,5.400000095367432,0
2026-03-02,5.400000095367432,0
2026-03-03,5.400000095367432,0
2026-03-04,5.400000095367432,0
2026-03-05,5.400000095367432,0
2026-03-06,5.400000095367432,100
2026-03-09,5.400000095367432,0
2026-03-10,5.400000095367432,0
2026-03-11,5.400000095367432,0
2026-03-12,5.400000095367432,0
2026-03-13,5.400000095367432,0
2026-03-16,5.400000095367432,0
2026-03-17,5.400000095367432,0
2026-03-18,5.400000095367432,0
2026-03-19,5.400000095367432,0
2026-03-20,5.400000095367432,100
